Workbook

Sheet 使用说明
A1: AI YouTube Content Pipeline｜使用说明
A3: 这不是单纯的任务清单，而是一套从选题发现 → 制作执行 → 发布复盘的闭环项目模板。
A5: 工作表 | B5: 作用 | C5: 什么时候使用 | D5: 核心输入 | E5: 核心输出 | F5: 建议频率 | G5: AI 主要作用 | H5: 你必须做的判断
A6: 总览 | B6: 单期视频的控制台 | C6: 每天开始工作前 | D6: 选择视频 ID | E6: 阶段进度、逾期风险、发布日期 | F6: 每日 | G6: 汇总与提醒 | H6: 是否调整优先级
A7: 选题池 | B7: 持续积累并评分候选选题 | C7: 发现新想法时 | D7: 趋势、竞争、差异化、视觉潜力 | E7: 可拍/暂缓/淘汰 | F7: 每周 | G7: 趋势分析、竞品扫描、机会识别 | H7: 是否值得投入
A8: 视频项目 | B8: 管理多期视频 | C8: 确定要制作后 | D8: 目标受众、核心承诺、发布日期 | E8: 项目主记录 | F8: 每期一次 | G8: 完善定位和计划 | H8: 核心观点与边界
A9: 任务计划 | B9: 把 9 阶段拆成可执行动作 | C9: 项目启动后 | D9: 状态、负责人、日期、依赖 | E9: 下一步行动 | F9: 每日 | G9: 生成草稿、检查遗漏、给建议 | H9: 接受/修改/否决
A10: 研究库 | B10: 保存事实、观点与来源 | C10: Research 阶段 | D10: 来源、证据、可信度、用途 | E10: 可引用研究材料 | F10: 随研究更新 | G10: 检索、摘要、观点对比 | H10: 事实是否可靠
A11: 素材清单 | B11: 管理 B-roll、图片、图表、音乐等 | C11: Assets/Edit 阶段 | D11: 素材类型、版权、用途、状态 | E11: 可用素材包 | F11: 随制作更新 | G11: 列清单、生成提示词、辅助检索 | H11: 版权与审美
A12: 发布复盘 | B12: 记录 CTR、留存与下一期建议 | C12: 发布后 24h/7d/28d | D12: 曝光、播放、观看时长、评论 | E12: 问题诊断与下一步实验 | F12: 每期 3 次 | G12: 分析异常、总结评论、提出实验 | H12: 下一期改什么
A15: 推荐使用规则
A16: 1 | B16: 一个视频只有一个 Video ID，所有工作表通过 Video ID 关联。
A17: 2 | B17: 状态尽量只通过下拉选项修改，避免同义词导致统计失效。
A18: 3 | B18: AI 产出的内容先放在“AI 支持/笔记”列，不要直接当最终结论。
A19: 4 | B19: 研究来源至少记录 URL、发布日期和可信度；事实、观点、推断要分开。
A20: 5 | B20: 素材必须记录授权或来源；没有确认版权的素材不要进入最终剪辑。
A21: 6 | B21: 发布后不要只看播放量：优先看 CTR、前 30 秒留存、平均观看比例和评论主题。

Sheet 总览
A1: AI YouTube Content Pipeline｜项目总览
A3: 当前视频 ID | B3: YT-001
A5: 项目标题 | E5: 当前状态 | G5: 目标发布日期 | I5: 总体完成度 | K5: 逾期任务 | M5: 素材就绪率
A6: =IFERROR(INDEX('视频项目'!$B$2:$B$51,MATCH($B$3,'视频项目'!$A$2:$A$51,0)),"未找到项目") | E6: =IFERROR(INDEX('视频项目'!$J$2:$J$51,MATCH($B$3,'视频项目'!$A$2:$A$51,0)),"") | G6: =IFERROR(INDEX('视频项目'!$N$2:$N$51,MATCH($B$3,'视频项目'!$A$2:$A$51,0)),"") | I6: =IFERROR(INDEX('视频项目'!$P$2:$P$51,MATCH($B$3,'视频项目'!$A$2:$A$51,0)),0) | K6: =COUNTIFS('任务计划'!$A$2:$A$500,$B$3,'任务计划'!$M$2:$M$500,"<"&TODAY(),'任务计划'!$H$2:$H$500,"<>已完成") | M6: =IFERROR(COUNTIFS('素材清单'!$A$2:$A$300,$B$3,'素材清单'!$J$2:$J$300,"已就绪")/COUNTIF('素材清单'!$A$2:$A$300,$B$3),0)
A9: 九阶段进度 | I9: 本周行动
A10: 阶段序号 | B10: 阶段 | C10: 任务数 | D10: 已完成 | E10: 阶段完成度 | F10: 当前阻塞 | G10: 下一截止日 | I10: 优先级 | J10: 阶段 | K10: 任务 | L10: 负责人 | M10: 截止日期 | N10: 状态
A11: 1 | B11: ① 选题 Discover | C11: =COUNTIFS('任务计划'!$A$2:$A$500,$B$3,'任务计划'!$C$2:$C$500,$A11) | D11: =COUNTIFS('任务计划'!$A$2:$A$500,$B$3,'任务计划'!$C$2:$C$500,$A11,'任务计划'!$H$2:$H$500,"已完成") | E11: =IFERROR(D11/C11,0) | F11: =COUNTIFS('任务计划'!$A$2:$A$500,$B$3,'任务计划'!$C$2:$C$500,$A11,'任务计划'!$H$2:$H$500,"已阻塞") | G11: =IFERROR(MINIFS('任务计划'!$M$2:$M$500,'任务计划'!$A$2:$A$500,$B$3,'任务计划'!$C$2:$C$500,$A11,'任务计划'!$H$2:$H$500,"<>已完成"),"") | I11: P0 | J11: Research | K11: 完成核心资料与观点对比 | L11: 你 | M11: 2026-08-01 | N11: 进行中
A12: 2 | B12: ② 研究 Research | C12: =COUNTIFS('任务计划'!$A$2:$A$500,$B$3,'任务计划'!$C$2:$C$500,$A12) | D12: =COUNTIFS('任务计划'!$A$2:$A$500,$B$3,'任务计划'!$C$2:$C$500,$A12,'任务计划'!$H$2:$H$500,"已完成") | E12: =IFERROR(D12/C12,0) | F12: =COUNTIFS('任务计划'!$A$2:$A$500,$B$3,'任务计划'!$C$2:$C$500,$A12,'任务计划'!$H$2:$H$500,"已阻塞") | G12: =IFERROR(MINIFS('任务计划'!$M$2:$M$500,'任务计划'!$A$2:$A$500,$B$3,'任务计划'!$C$2:$C$500,$A12,'任务计划'!$H$2:$H$500,"<>已完成"),"") | I12: P0 | J12: Script | K12: 确定 Hook 与三幕结构 | L12: 你 + AI | M12: 2026-08-03 | N12: 未开始
A13: 3 | B13: ③ 脚本 Script | C13: =COUNTIFS('任务计划'!$A$2:$A$500,$B$3,'任务计划'!$C$2:$C$500,$A13) | D13: =COUNTIFS('任务计划'!$A$2:$A$500,$B$3,'任务计划'!$C$2:$C$500,$A13,'任务计划'!$H$2:$H$500,"已完成") | E13: =IFERROR(D13/C13,0) | F13: =COUNTIFS('任务计划'!$A$2:$A$500,$B$3,'任务计划'!$C$2:$C$500,$A13,'任务计划'!$H$2:$H$500,"已阻塞") | G13: =IFERROR(MINIFS('任务计划'!$M$2:$M$500,'任务计划'!$A$2:$A$500,$B$3,'任务计划'!$C$2:$C$500,$A13,'任务计划'!$H$2:$H$500,"<>已完成"),"") | I13: P1 | J13: Assets | K13: 建立 B-roll 与图表清单 | L13: AI 草拟 / 你确认 | M13: 2026-08-05 | N13: 未开始
A14: 4 | B14: ④ 素材 Assets | C14: =COUNTIFS('任务计划'!$A$2:$A$500,$B$3,'任务计划'!$C$2:$C$500,$A14) | D14: =COUNTIFS('任务计划'!$A$2:$A$500,$B$3,'任务计划'!$C$2:$C$500,$A14,'任务计划'!$H$2:$H$500,"已完成") | E14: =IFERROR(D14/C14,0) | F14: =COUNTIFS('任务计划'!$A$2:$A$500,$B$3,'任务计划'!$C$2:$C$500,$A14,'任务计划'!$H$2:$H$500,"已阻塞") | G14: =IFERROR(MINIFS('任务计划'!$M$2:$M$500,'任务计划'!$A$2:$A$500,$B$3,'任务计划'!$C$2:$C$500,$A14,'任务计划'!$H$2:$H$500,"<>已完成"),"") | I14: P1 | J14: Publish | K14: 预留标题与缩略图 A/B 版本 | L14: 你 + AI | M14: 2026-08-10 | N14: 未开始
A15: 5 | B15: ⑤ 剪辑 Edit | C15: =COUNTIFS('任务计划'!$A$2:$A$500,$B$3,'任务计划'!$C$2:$C$500,$A15) | D15: =COUNTIFS('任务计划'!$A$2:$A$500,$B$3,'任务计划'!$C$2:$C$500,$A15,'任务计划'!$H$2:$H$500,"已完成") | E15: =IFERROR(D15/C15,0) | F15: =COUNTIFS('任务计划'!$A$2:$A$500,$B$3,'任务计划'!$C$2:$C$500,$A15,'任务计划'!$H$2:$H$500,"已阻塞") | G15: =IFERROR(MINIFS('任务计划'!$M$2:$M$500,'任务计划'!$A$2:$A$500,$B$3,'任务计划'!$C$2:$C$500,$A15,'任务计划'!$H$2:$H$500,"<>已完成"),"")
A16: 6 | B16: ⑥ 特效 Motion | C16: =COUNTIFS('任务计划'!$A$2:$A$500,$B$3,'任务计划'!$C$2:$C$500,$A16) | D16: =COUNTIFS('任务计划'!$A$2:$A$500,$B$3,'任务计划'!$C$2:$C$500,$A16,'任务计划'!$H$2:$H$500,"已完成") | E16: =IFERROR(D16/C16,0) | F16: =COUNTIFS('任务计划'!$A$2:$A$500,$B$3,'任务计划'!$C$2:$C$500,$A16,'任务计划'!$H$2:$H$500,"已阻塞") | G16: =IFERROR(MINIFS('任务计划'!$M$2:$M$500,'任务计划'!$A$2:$A$500,$B$3,'任务计划'!$C$2:$C$500,$A16,'任务计划'!$H$2:$H$500,"<>已完成"),"") | I16: 当前项目定义
A17: 7 | B17: ⑦ 后期 Post | C17: =COUNTIFS('任务计划'!$A$2:$A$500,$B$3,'任务计划'!$C$2:$C$500,$A17) | D17: =COUNTIFS('任务计划'!$A$2:$A$500,$B$3,'任务计划'!$C$2:$C$500,$A17,'任务计划'!$H$2:$H$500,"已完成") | E17: =IFERROR(D17/C17,0) | F17: =COUNTIFS('任务计划'!$A$2:$A$500,$B$3,'任务计划'!$C$2:$C$500,$A17,'任务计划'!$H$2:$H$500,"已阻塞") | G17: =IFERROR(MINIFS('任务计划'!$M$2:$M$500,'任务计划'!$A$2:$A$500,$B$3,'任务计划'!$C$2:$C$500,$A17,'任务计划'!$H$2:$H$500,"<>已完成"),"") | I17: 目标受众 | J17: =IFERROR(INDEX('视频项目'!$G$2:$G$51,MATCH($B$3,'视频项目'!$A$2:$A$51,0)),"")
A18: 8 | B18: ⑧ 发布 Publish | C18: =COUNTIFS('任务计划'!$A$2:$A$500,$B$3,'任务计划'!$C$2:$C$500,$A18) | D18: =COUNTIFS('任务计划'!$A$2:$A$500,$B$3,'任务计划'!$C$2:$C$500,$A18,'任务计划'!$H$2:$H$500,"已完成") | E18: =IFERROR(D18/C18,0) | F18: =COUNTIFS('任务计划'!$A$2:$A$500,$B$3,'任务计划'!$C$2:$C$500,$A18,'任务计划'!$H$2:$H$500,"已阻塞") | G18: =IFERROR(MINIFS('任务计划'!$M$2:$M$500,'任务计划'!$A$2:$A$500,$B$3,'任务计划'!$C$2:$C$500,$A18,'任务计划'!$H$2:$H$500,"<>已完成"),"") | I18: 核心承诺 | J18: =IFERROR(INDEX('视频项目'!$H$2:$H$51,MATCH($B$3,'视频项目'!$A$2:$A$51,0)),"")
A19: 9 | B19: ⑨ 复盘 Optimize | C19: =COUNTIFS('任务计划'!$A$2:$A$500,$B$3,'任务计划'!$C$2:$C$500,$A19) | D19: =COUNTIFS('任务计划'!$A$2:$A$500,$B$3,'任务计划'!$C$2:$C$500,$A19,'任务计划'!$H$2:$H$500,"已完成") | E19: =IFERROR(D19/C19,0) | F19: =COUNTIFS('任务计划'!$A$2:$A$500,$B$3,'任务计划'!$C$2:$C$500,$A19,'任务计划'!$H$2:$H$500,"已阻塞") | G19: =IFERROR(MINIFS('任务计划'!$M$2:$M$500,'任务计划'!$A$2:$A$500,$B$3,'任务计划'!$C$2:$C$500,$A19,'任务计划'!$H$2:$H$500,"<>已完成"),"") | I19: 内容支柱 | J19: =IFERROR(INDEX('视频项目'!$D$2:$D$51,MATCH($B$3,'视频项目'!$A$2:$A$51,0)),"")
I20: 预计时长 | J20: =IFERROR(INDEX('视频项目'!$F$2:$F$51,MATCH($B$3,'视频项目'!$A$2:$A$51,0)),"")

Sheet 选题池
A1: 选题池｜Discover
A3: Topic ID | B3: 候选选题 | C3: 内容支柱 | D3: 趋势信号(1-10) | E3: 受众需求(1-10) | F3: 竞争空间(1-10) | G3: 差异化(1-10) | H3: 视觉潜力(1-10) | I3: 常青价值(1-10) | J3: 商业匹配(1-10) | K3: 证据/竞品链接 | L3: 总分 | M3: 建议决策 | N3: 目标形式 | O3: 预计时长(分钟) | P3: 提出日期 | Q3: 最后更新 | R3: 备注
A4: TOP-001 | B4: 未来不是冷冰冰的：温柔科技城市的一天 | C4: 未来生活 | D4: 8 | E4: 8 | F4: 7 | G4: 9 | H4: 10 | I4: 8 | J4: 6 | K4: https://www.youtube.com/ | L4: =ROUND(D4*0.15+E4*0.20+F4*0.15+G4*0.20+H4*0.15+I4*0.10+J4*0.05,1) | M4: 进入制作 | N4: 视觉散文 | O4: 8 | P4: 46233 | Q4: 46233 | R4: 示例：替换成你的真实选题
A5: TOP-002 | B5: AI 时代，人类主导创作与 AI 主导生成的差异 | C5: AI 与创作 | D5: 9 | E5: 8 | F5: 6 | G5: 8 | H5: 8 | I5: 7 | J5: 8 | K5: https://www.reddit.com/ | L5: =ROUND(D5*0.15+E5*0.20+F5*0.15+G5*0.20+H5*0.15+I5*0.10+J5*0.05,1) | M5: 继续研究 | N5: 观点型视频 | O5: 10 | P5: 46233 | Q5: 46233 | R5: 需要补充真实案例

Sheet 视频项目
A1: 视频项目｜Project Portfolio
A3: Video ID | B3: 项目标题 | C3: 关联 Topic ID | D3: 内容支柱 | E3: 视频形式 | F3: 目标时长(分钟) | G3: 目标受众 | H3: 核心承诺 | I3: 机会评分 | J3: 项目状态 | K3: 优先级 | L3: 负责人 | M3: 开始日期 | N3: 目标发布日期 | O3: 实际发布日期 | P3: 总体完成度 | Q3: 剩余天数 | R3: 项目文件夹/链接 | S3: 最后更新 | T3: 备注
A4: YT-001 | B4: 温柔未来城市的一天 | C4: TOP-001 | D4: 未来生活 | E4: 视觉散文 | F4: 8 | G4: 喜欢科技、电影美学与未来生活想象的年轻观众 | H4: 让观众在 8 分钟内感受到一个人与科技和谐共存的未来日常 | I4: 8.4 | J4: 进行中 | K4: P0 | L4: Gedi | M4: 46233 | N4: 46246 | P4: =IFERROR(SUMIF('任务计划'!$A$2:$A$500,A4,'任务计划'!$P$2:$P$500)/COUNTIF('任务计划'!$A$2:$A$500,A4),0) | Q4: =IF(N4="","",N4-TODAY()) | R4: https://drive.google.com/ | S4: 2026-07-30 | T4: 示例项目，可直接替换
P5: =IFERROR(SUMIF('任务计划'!$A$2:$A$500,A5,'任务计划'!$P$2:$P$500)/COUNTIF('任务计划'!$A$2:$A$500,A5),0) | Q5: =IF(N5="","",N5-TODAY())
P6: =IFERROR(SUMIF('任务计划'!$A$2:$A$500,A6,'任务计划'!$P$2:$P$500)/COUNTIF('任务计划'!$A$2:$A$500,A6),0) | Q6: =IF(N6="","",N6-TODAY())
P7: =IFERROR(SUMIF('任务计划'!$A$2:$A$500,A7,'任务计划'!$P$2:$P$500)/COUNTIF('任务计划'!$A$2:$A$500,A7),0) | Q7: =IF(N7="","",N7-TODAY())
P8: =IFERROR(SUMIF('任务计划'!$A$2:$A$500,A8,'任务计划'!$P$2:$P$500)/COUNTIF('任务计划'!$A$2:$A$500,A8),0) | Q8: =IF(N8="","",N8-TODAY())
P9: =IFERROR(SUMIF('任务计划'!$A$2:$A$500,A9,'任务计划'!$P$2:$P$500)/COUNTIF('任务计划'!$A$2:$A$500,A9),0) | Q9: =IF(N9="","",N9-TODAY())
P10: =IFERROR(SUMIF('任务计划'!$A$2:$A$500,A10,'任务计划'!$P$2:$P$500)/COUNTIF('任务计划'!$A$2:$A$500,A10),0) | Q10: =IF(N10="","",N10-TODAY())
P11: =IFERROR(SUMIF('任务计划'!$A$2:$A$500,A11,'任务计划'!$P$2:$P$500)/COUNTIF('任务计划'!$A$2:$A$500,A11),0) | Q11: =IF(N11="","",N11-TODAY())
P12: =IFERROR(SUMIF('任务计划'!$A$2:$A$500,A12,'任务计划'!$P$2:$P$500)/COUNTIF('任务计划'!$A$2:$A$500,A12),0) | Q12: =IF(N12="","",N12-TODAY())
P13: =IFERROR(SUMIF('任务计划'!$A$2:$A$500,A13,'任务计划'!$P$2:$P$500)/COUNTIF('任务计划'!$A$2:$A$500,A13),0) | Q13: =IF(N13="","",N13-TODAY())
P14: =IFERROR(SUMIF('任务计划'!$A$2:$A$500,A14,'任务计划'!$P$2:$P$500)/COUNTIF('任务计划'!$A$2:$A$500,A14),0) | Q14: =IF(N14="","",N14-TODAY())
P15: =IFERROR(SUMIF('任务计划'!$A$2:$A$500,A15,'任务计划'!$P$2:$P$500)/COUNTIF('任务计划'!$A$2:$A$500,A15),0) | Q15: =IF(N15="","",N15-TODAY())
P16: =IFERROR(SUMIF('任务计划'!$A$2:$A$500,A16,'任务计划'!$P$2:$P$500)/COUNTIF('任务计划'!$A$2:$A$500,A16),0) | Q16: =IF(N16="","",N16-TODAY())
... P52: =IFERROR(SUMIF('任务计划'!$A$2:$A$500,A52,'任务计划'!$P$2:$P$500)/COUNTIF('任务计划'!$A$2:$A$500,A52),0) | Q52: =IF(N52="","",N52-TODAY())

Sheet 任务计划
A1: 任务计划｜9-Stage Execution Board
A3: Video ID | B3: 阶段 | C3: 阶段序号 | D3: 任务 | E3: AI 支持 | F3: 人工关键判断 | G3: 交付物/完成标准 | H3: 状态 | I3: 优先级 | J3: 负责人 | K3: 计划开始 | L3: 实际开始 | M3: 截止日期 | N3: 依赖项 | O3: 工具/工作区 | P3: 完成度 | Q3: 备注
A4: YT-001 | B4: ① 选题 Discover | C4: 1 | D4: 收集趋势与受众信号 | E4: 分析搜索、平台趋势与评论需求 | F4: 趋势是否与频道定位一致 | G4: 趋势信号摘要 | H4: 已完成 | I4: P0 | J4: Gedi | K4: 46233 | L4: 46233 | M4: 46235 | P4: =IF(H4="已完成",1,IF(H4="待审核",0.8,IF(H4="进行中",0.5,IF(H4="已阻塞",0.25,0))))
A5: YT-001 | B5: ① 选题 Discover | C5: 1 | D5: 建立竞品样本 | E5: 整理 5–10 个相近视频及表现 | F5: 哪些可以借鉴，哪些必须避开 | G5: 竞品对比表 | H5: 已完成 | I5: P0 | J5: Gedi | K5: 46233 | L5: 46233 | M5: 46235 | P5: =IF(H5="已完成",1,IF(H5="待审核",0.8,IF(H5="进行中",0.5,IF(H5="已阻塞",0.25,0))))
A6: YT-001 | B6: ① 选题 Discover | C6: 1 | D6: 识别差异化切口 | E6: 生成不同叙事角度与视觉方向 | F6: 选择最符合个人表达的切口 | G6: 一句话差异化定位 | H6: 已完成 | I6: P0 | J6: Gedi | K6: 46233 | L6: 46233 | M6: 46235 | P6: =IF(H6="已完成",1,IF(H6="待审核",0.8,IF(H6="进行中",0.5,IF(H6="已阻塞",0.25,0))))
A7: YT-001 | B7: ① 选题 Discover | C7: 1 | D7: 确定制作决策 | E7: 汇总机会评分与风险 | F7: 是否值得投入本期制作 | G7: Go / Hold / Kill 结论 | H7: 已完成 | I7: P0 | J7: Gedi | K7: 46233 | L7: 46233 | M7: 46235 | P7: =IF(H7="已完成",1,IF(H7="待审核",0.8,IF(H7="进行中",0.5,IF(H7="已阻塞",0.25,0))))
A8: YT-001 | B8: ② 研究 Research | C8: 2 | D8: 列出核心问题 | E8: 把主题拆成事实、人物、时间线、争议 | F8: 研究范围是否过宽 | G8: 研究问题清单 | H8: 已完成 | I8: P0 | J8: Gedi | K8: 46235 | L8: 46235 | M8: 46237 | P8: =IF(H8="已完成",1,IF(H8="待审核",0.8,IF(H8="进行中",0.5,IF(H8="已阻塞",0.25,0))))
A9: YT-001 | B9: ② 研究 Research | C9: 2 | D9: 搜集一手与高质量来源 | E9: 检索并摘要资料 | F9: 来源是否可信、是否过时 | G9: 来源库 | H9: 已完成 | I9: P0 | J9: Gedi | K9: 46235 | L9: 46235 | M9: 46237 | P9: =IF(H9="已完成",1,IF(H9="待审核",0.8,IF(H9="进行中",0.5,IF(H9="已阻塞",0.25,0))))
A10: YT-001 | B10: ② 研究 Research | C10: 2 | D10: 建立时间线/因果链 | E10: 整理事件顺序和关键转折 | F10: 哪些关系是事实，哪些是推断 | G10: 时间线 | H10: 已完成 | I10: P1 | J10: Gedi | K10: 46235 | L10: 46235 | M10: 46237 | P10: =IF(H10="已完成",1,IF(H10="待审核",0.8,IF(H10="进行中",0.5,IF(H10="已阻塞",0.25,0))))
A11: YT-001 | B11: ② 研究 Research | C11: 2 | D11: 观点对比 | E11: 归纳不同立场与证据 | F11: 是否存在误导性的二分法 | G11: 观点矩阵 | H11: 进行中 | I11: P0 | J11: Gedi | K11: 46235 | L11: 46235 | M11: 46237 | P11: =IF(H11="已完成",1,IF(H11="待审核",0.8,IF(H11="进行中",0.5,IF(H11="已阻塞",0.25,0))))
A12: YT-001 | B12: ② 研究 Research | C12: 2 | D12: 形成研究结论 | E12: 总结可用于脚本的核心洞察 | F12: 最终要表达什么、不表达什么 | G12: 研究简报 | H12: 进行中 | I12: P0 | J12: Gedi | K12: 46235 | L12: 46235 | M12: 46237 | P12: =IF(H12="已完成",1,IF(H12="待审核",0.8,IF(H12="进行中",0.5,IF(H12="已阻塞",0.25,0))))
A13: YT-001 | B13: ③ 脚本 Script | C13: 3 | D13: 确定 Hook | E13: 生成多种开场与前 30 秒结构 | F13: 哪一种最有吸引力且不标题党 | G13: Hook 草稿 | H13: 进行中 | I13: P0 | J13: Gedi | K13: 46237 | L13: 46237 | M13: 46239 | P13: =IF(H13="已完成",1,IF(H13="待审核",0.8,IF(H13="进行中",0.5,IF(H13="已阻塞",0.25,0))))
A14: YT-001 | B14: ③ 脚本 Script | C14: 3 | D14: 搭建故事结构 | E14: 生成三幕式、问题—探索—回报结构 | F14: 叙事节奏与情绪曲线 | G14: 脚本大纲 | H14: 未开始 | I14: P0 | J14: Gedi | K14: 46237 | M14: 46239 | P14: =IF(H14="已完成",1,IF(H14="待审核",0.8,IF(H14="进行中",0.5,IF(H14="已阻塞",0.25,0))))
A15: YT-001 | B15: ③ 脚本 Script | C15: 3 | D15: 完成初稿 | E15: 根据研究生成脚本初稿 | F15: 观点、事实与个人声音 | G15: 完整脚本 V1 | H15: 未开始 | I15: P0 | J15: Gedi | K15: 46237 | M15: 46239 | P15: =IF(H15="已完成",1,IF(H15="待审核",0.8,IF(H15="进行中",0.5,IF(H15="已阻塞",0.25,0))))
A16: YT-001 | B16: ③ 脚本 Script | C16: 3 | D16: 事实核查与删改 | E16: 标记可疑事实、重复段落与弱论点 | F16: 是否准确、简洁、诚实 | G16: 脚本 V2 | H16: 未开始 | I16: P0 | J16: Gedi | K16: 46237 | M16: 46239 | P16: =IF(H16="已完成",1,IF(H16="待审核",0.8,IF(H16="进行中",0.5,IF(H16="已阻塞",0.25,0))))
A17: YT-001 | B17: ③ 脚本 Script | C17: 3 | D17: 口语化与时长校准 | E17: 调整句子、估算配音时长 | F17: 是否自然、是否像你本人 | G17: 录音稿 | H17: 未开始 | I17: P1 | J17: Gedi | K17: 46237 | M17: 46239 | P17: =IF(H17="已完成",1,IF(H17="待审核",0.8,IF(H17="进行中",0.5,IF(H17="已阻塞",0.25,0))))
A18: YT-001 | B18: ④ 素材 Assets | C18: 4 | D18: 生成 B-roll 清单 | E18: 按脚本段落生成镜头建议 | F18: 素材是否真正服务叙事 | G18: B-roll Shot List | H18: 未开始 | I18: P1 | J18: Gedi | K18: 46239 | M18: 46241 | P18: =IF(H18="已完成",1,IF(H18="待审核",0.8,IF(H18="进行中",0.5,IF(H18="已阻塞",0.25,0))))
A19: YT-001 | B19: ④ 素材 Assets | C19: 4 | D19: 准备图片/档案素材 | E19: 辅助搜索关键词与来源 | F19: 版权、清晰度、真实性 | G19: 图片素材包 | H19: 未开始 | I19: P1 | J19: Gedi | K19: 46239 | M19: 46241 | P19: =IF(H19="已完成",1,IF(H19="待审核",0.8,IF(H19="进行中",0.5,IF(H19="已阻塞",0.25,0))))
A20: YT-001 | B20: ④ 素材 Assets | C20: 4 | D20: 规划图标/地图/数据图表 | E20: 将抽象信息转成可视化方案 | F20: 什么信息值得可视化 | G20: 信息可视化清单 | H20: 未开始 | I20: P1 | J20: Gedi | K20: 46239 | M20: 46241 | P20: =IF(H20="已完成",1,IF(H20="待审核",0.8,IF(H20="进行中",0.5,IF(H20="已阻塞",0.25,0))))
A21: YT-001 | B21: ④ 素材 Assets | C21: 4 | D21: 建立素材命名与文件夹 | E21: 生成命名规则和目录建议 | F21: 是否便于剪辑检索 | G21: 标准化素材库 | H21: 未开始 | I21: P2 | J21: Gedi | K21: 46239 | M21: 46241 | P21: =IF(H21="已完成",1,IF(H21="待审核",0.8,IF(H21="进行中",0.5,IF(H21="已阻塞",0.25,0))))
A22: YT-001 | B22: ⑤ 剪辑 Edit | C22: 5 | D22: 旁白/主时间线粗剪 | E22: 删除停顿、错句并对齐脚本 | F22: 保留自然感与节奏 | G22: 粗剪 V1 | H22: 未开始 | I22: P0 | J22: Gedi | K22: 46241 | M22: 46243 | P22: =IF(H22="已完成",1,IF(H22="待审核",0.8,IF(H22="进行中",0.5,IF(H22="已阻塞",0.25,0))))
A23: YT-001 | B23: ⑤ 剪辑 Edit | C23: 5 | D23: 自动字幕与文本校对 | E23: 生成字幕并识别错词 | F23: 专有名词与断句是否准确 | G23: 字幕 V1 | H23: 未开始 | I23: P1 | J23: Gedi | K23: 46241 | M23: 46243 | P23: =IF(H23="已完成",1,IF(H23="待审核",0.8,IF(H23="进行中",0.5,IF(H23="已阻塞",0.25,0))))
A24: YT-001 | B24: ⑤ 剪辑 Edit | C24: 5 | D24: 镜头覆盖与节奏调整 | E24: 给出镜头长度与留白建议 | F24: 画面是否重复、节奏是否疲劳 | G24: 粗剪 V2 | H24: 未开始 | I24: P0 | J24: Gedi | K24: 46241 | M24: 46243 | P24: =IF(H24="已完成",1,IF(H24="待审核",0.8,IF(H24="进行中",0.5,IF(H24="已阻塞",0.25,0))))
A25: YT-001 | B25: ⑤ 剪辑 Edit | C25: 5 | D25: 结构检查 | E25: 识别拖沓、跳跃与信息过载 | F25: 是否需要删掉完整段落 | G25: Picture Lock 草案 | H25: 未开始 | I25: P0 | J25: Gedi | K25: 46241 | M25: 46243 | P25: =IF(H25="已完成",1,IF(H25="待审核",0.8,IF(H25="进行中",0.5,IF(H25="已阻塞",0.25,0))))
... A41: YT-001 | B41: ⑨ 复盘 Optimize | C41: 9 | D41: 形成下一期实验 | E41: 提出可验证的标题、Hook、节奏实验 | F41: 下一期只改变哪些变量 | G41: 下期实验卡 | H41: 未开始 | I41: P0 | J41: Gedi | K41: 46249 | M41: 46251 | P41: =IF(H41="已完成",1,IF(H41="待审核",0.8,IF(H41="进行中",0.5,IF(H41="已阻塞",0.25,0))))
P42: =IF(H42="已完成",1,IF(H42="待审核",0.8,IF(H42="进行中",0.5,IF(H42="已阻塞",0.25,0))))
P43: =IF(H43="已完成",1,IF(H43="待审核",0.8,IF(H43="进行中",0.5,IF(H43="已阻塞",0.25,0))))
P44: =IF(H44="已完成",1,IF(H44="待审核",0.8,IF(H44="进行中",0.5,IF(H44="已阻塞",0.25,0))))
P45: =IF(H45="已完成",1,IF(H45="待审核",0.8,IF(H45="进行中",0.5,IF(H45="已阻塞",0.25,0))))
P46: =IF(H46="已完成",1,IF(H46="待审核",0.8,IF(H46="进行中",0.5,IF(H46="已阻塞",0.25,0))))
P47: =IF(H47="已完成",1,IF(H47="待审核",0.8,IF(H47="进行中",0.5,IF(H47="已阻塞",0.25,0))))
P48: =IF(H48="已完成",1,IF(H48="待审核",0.8,IF(H48="进行中",0.5,IF(H48="已阻塞",0.25,0))))
P49: =IF(H49="已完成",1,IF(H49="待审核",0.8,IF(H49="进行中",0.5,IF(H49="已阻塞",0.25,0))))
P50: =IF(H50="已完成",1,IF(H50="待审核",0.8,IF(H50="进行中",0.5,IF(H50="已阻塞",0.25,0))))
P51: =IF(H51="已完成",1,IF(H51="待审核",0.8,IF(H51="进行中",0.5,IF(H51="已阻塞",0.25,0))))
P52: =IF(H52="已完成",1,IF(H52="待审核",0.8,IF(H52="进行中",0.5,IF(H52="已阻塞",0.25,0))))
P53: =IF(H53="已完成",1,IF(H53="待审核",0.8,IF(H53="进行中",0.5,IF(H53="已阻塞",0.25,0))))
... P500: =IF(H500="已完成",1,IF(H500="待审核",0.8,IF(H500="进行中",0.5,IF(H500="已阻塞",0.25,0))))

Sheet 研究库
A1: 研究库｜Research Evidence Log
A3: Video ID | B3: Source ID | C3: 研究问题 | D3: 来源标题 | E3: 来源类型 | F3: 作者/机构 | G3: 发布日期 | H3: 访问日期 | I3: URL | J3: 核心事实/观点 | K3: 直接引用(少量) | L3: 可信度 | M3: 立场/偏差 | N3: 可用于脚本位置 | O3: 事实/观点/推断 | P3: 已核验 | Q3: 备注
A4: YT-001 | B4: SRC-001 | C4: Bicentennial Man 的未来生活视觉有哪些特征？ | D4: Bicentennial Man | E4: 电影 | F4: Touchstone Pictures | G4: 36511 | H4: 46233 | I4: https://www.imdb.com/title/tt0182789/ | J4: 未来科技被放入温暖、日常和家庭化的环境中。 | L4: 中 | M4: 影视文本本身带有创作者立场 | N4: 开场与视觉基调 | O4: 观点 | P4: 是 | Q4: 示例来源

Sheet 素材清单
A1: 素材清单｜Assets & Rights Tracker
A3: Video ID | B3: Asset ID | C3: 脚本段落/时间码 | D3: 素材类型 | E3: 素材描述 | F3: 画面目的 | G3: 来源方式 | H3: 来源/文件链接 | I3: 授权/版权状态 | J3: 状态 | K3: 负责人 | L3: 计划完成 | M3: 实际完成 | N3: 文件名 | O3: 使用位置 | P3: 备注
A4: YT-001 | B4: AST-001 | C4: 00:00–00:20 | D4: B-roll | E4: 清晨未来城市与家居自动化 | F4: 建立温柔未来世界的第一印象 | G4: AI 生成 | I4: 自有/可用 | J4: 待制作 | K4: Gedi | L4: 46238 | N4: YT001_BROLL_001 | O4: Hook | P4: 示例素材
A5: YT-001 | B5: AST-002 | C5: 00:40–01:20 | D5: 电影片段/剧照 | E5: Bicentennial Man 未来家庭环境参考 | F5: 说明视觉灵感来源 | G5: 授权素材/合理使用评估 | H5: https://www.imdb.com/title/tt0182789/ | I5: 待确认 | J5: 待寻找 | K5: Gedi | L5: 46238 | O5: Research | P5: 发布前需确认使用边界
A6: YT-001 | B6: AST-003 | C6: 02:00–02:30 | D6: 数据图表 | E6: 科技便利性与生活幸福感的关系示意 | F6: 帮助理解抽象观点 | G6: 自制 | I6: 自有/可用 | J6: 待制作 | K6: Gedi | L6: 46240 | N6: YT001_CHART_001 | O6: 中段 | P6: 示意图，不伪装成真实统计

Sheet 发布复盘
A1: 发布复盘｜Publish & Optimize
A3: Video ID | B3: 平台 | C3: 发布日期 | D3: 视频标题 | E3: 缩略图版本 | F3: 视频时长(秒) | G3: 曝光量 | H3: 播放量 | I3: CTR | J3: 总观看时长(小时) | K3: 平均观看时长(秒) | L3: 平均观看比例 | M3: 点赞 | N3: 评论 | O3: 新增订阅 | P3: 24h 播放 | Q3: 7d 播放 | R3: 28d 播放 | S3: 前30秒留存 | T3: 最大流失时间点 | U3: 最大重看时间点 | V3: 评论主题摘要 | W3: 表现好的部分 | X3: 主要问题 | Y3: 下期实验
A4: YT-001 | B4: YouTube | D4: 温柔未来城市的一天 | E4: A | F4: 480 | I4: =IFERROR(H4/G4,0) | L4: =IFERROR(K4/F4,0)
I5: =IFERROR(H5/G5,0) | L5: =IFERROR(K5/F5,0)
I6: =IFERROR(H6/G6,0) | L6: =IFERROR(K6/F6,0)
I7: =IFERROR(H7/G7,0) | L7: =IFERROR(K7/F7,0)
I8: =IFERROR(H8/G8,0) | L8: =IFERROR(K8/F8,0)
I9: =IFERROR(H9/G9,0) | L9: =IFERROR(K9/F9,0)
I10: =IFERROR(H10/G10,0) | L10: =IFERROR(K10/F10,0)
I11: =IFERROR(H11/G11,0) | L11: =IFERROR(K11/F11,0)
I12: =IFERROR(H12/G12,0) | L12: =IFERROR(K12/F12,0)
I13: =IFERROR(H13/G13,0) | L13: =IFERROR(K13/F13,0)
I14: =IFERROR(H14/G14,0) | L14: =IFERROR(K14/F14,0)
I15: =IFERROR(H15/G15,0) | L15: =IFERROR(K15/F15,0)
I16: =IFERROR(H16/G16,0) | L16: =IFERROR(K16/F16,0)
... I103: =IFERROR(H103/G103,0) | L103: =IFERROR(K103/F103,0)

Sheet 设置
A1: 设置｜Scoring Weights & Conventions
A3: 选题评分维度 | B3: 权重 | C3: 含义 | D3: 建议判断问题
A4: 趋势信号 | B4: 0.15 | C4: 近期是否有增长或讨论 | D4: 现在为什么值得做？
A5: 受众需求 | B5: 0.2 | C5: 是否解决明确好奇或问题 | D5: 观众为什么会点开？
A6: 竞争空间 | B6: 0.15 | C6: 同类内容是否仍有空位 | D6: 是否有未被满足的表达方式？
A7: 差异化 | B7: 0.2 | C7: 是否有独特角度或个人优势 | D7: 为什么是你来做？
A8: 视觉潜力 | B8: 0.15 | C8: 是否容易形成有吸引力的画面 | D8: 不靠语言能否看懂一部分？
A9: 常青价值 | B9: 0.1 | C9: 是否能持续被搜索和观看 | D9: 三个月后还值得看吗？
A10: 商业匹配 | B10: 0.05 | C10: 是否符合频道长期价值 | D10: 会吸引你真正想要的受众吗？
A12: 状态 | B12: 自动完成度 | C12: 用途 | D12: 说明
A13: 未开始 | B13: 0 | C13: 尚未进入执行 | D13: 不应有实际开始日期
A14: 进行中 | B14: 0.5 | C14: 正在制作 | D14: 可被视为 50% 仅用于粗略汇总
A15: 待审核 | B15: 0.8 | C15: 主体已完成，等待人工确认 | D15: 审核通过后改为已完成
A16: 已完成 | B16: 1 | C16: 达到完成标准 | D16: 必须有可检查交付物
A17: 已阻塞 | B17: 0.25 | C17: 有明确依赖或问题 | D17: 备注写清阻塞原因和下一步
A18: 取消 | B18: 0 | C18: 不再执行 | D18: 保留记录而不是删除
